{"accuracy": [0.5828579664230347, 0.8584109544754028, 0.9149868488311768, 0.9404652118682861, 0.9546909332275391, 0.9649619460105896, 0.9708229899406433, 0.976314127445221, 0.9795718193054199, 0.9808663725852966], "loss": [1.4186018705368042, 0.4457910656929016, 0.2638547122478485, 0.18237631022930145, 0.1378992795944214, 0.10711421817541122, 0.08920146524906158, 0.07184524834156036, 0.062185123562812805, 0.058668095618486404], "val_accuracy": [0.8042340278625488, 0.925051212310791, 0.9153767228126526, 0.9464489221572876, 0.9454245567321777, 0.9642613530158997, 0.9568631649017334, 0.9241406917572021, 0.9639768004417419, 0.9693261981010437], "val_loss": [0.6009320020675659, 0.22802358865737915, 0.2595747411251068, 0.167805016040802, 0.17244745790958405, 0.11091601103544235, 0.13859893381595612, 0.25944826006889343, 0.1240694522857666, 0.09935560077428818]}